--
-- PostgreSQL database dump
--

\restrict QUxozbJHnHcfjHf1FR4aSxNp281RXi2i2CvgVxsWXVfwBNRCwFZWL0FMqKn36Zy

-- Dumped from database version 17.6 (Debian 17.6-0+deb13u1)
-- Dumped by pg_dump version 17.6 (Debian 17.6-0+deb13u1)

SET statement_timeout = 0; 
SET lock_timeout = 0;
SET idle_in_transaction_session_timeout = 0;
SET transaction_timeout = 0;
SET client_encoding = 'UTF8';
SET standard_conforming_strings = on;
SELECT pg_catalog.set_config('search_path', '', false);
SET check_function_bodies = false;
SET xmloption = content;
SET client_min_messages = warning;
SET row_security = off;

SET default_tablespace = '';

SET default_table_access_method = heap;

--
-- Name: estado; Type: TABLE; Schema: public; Owner: callsz
--

CREATE TABLE public.estado (
    sigla character(2) NOT NULL,
    nome character varying(100) NOT NULL,
    pop_total bigint NOT NULL,
    regiao character varying(50) NOT NULL
);


ALTER TABLE public.estado OWNER TO callsz;

--
-- Name: investimento_educacional; Type: TABLE; Schema: public; Owner: callsz
--

CREATE TABLE public.investimento_educacional (
    ano integer NOT NULL,
    sigla character(2) NOT NULL,
    valor numeric NOT NULL
);


ALTER TABLE public.investimento_educacional OWNER TO callsz;

--
-- Name: taxa_escolar; Type: TABLE; Schema: public; Owner: callsz
--

CREATE TABLE public.taxa_escolar (
    sigla character(2) NOT NULL,
    ano integer NOT NULL,
    num_aprova integer NOT NULL,
    num_reprova integer NOT NULL,
    num_evasoes integer NOT NULL,
    matriculas integer NOT NULL
);


ALTER TABLE public.taxa_escolar OWNER TO callsz;

--
-- Name: violencia; Type: TABLE; Schema: public; Owner: callsz
--

CREATE TABLE public.violencia (
    sigla character(2) NOT NULL,
    ano integer NOT NULL,
    n_estupros integer NOT NULL,
    n_furtos_veiculos integer NOT NULL,
    n_homidolos integer NOT NULL,
    n_lesoesmorte integer NOT NULL,
    n_roubosinsfinanc integer NOT NULL,
    n_rouboscarga integer NOT NULL,
    n_roubosveiculos integer NOT NULL,
    n_latrocinios integer NOT NULL,
    n_tryhomicidio integer NOT NULL
);


ALTER TABLE public.violencia OWNER TO callsz;

--
-- Data for Name: estado; Type: TABLE DATA; Schema: public; Owner: callsz
--

COPY public.estado (sigla, nome, pop_total, regiao) FROM stdin;
AC	Acre	830026	Norte
AL	Alagoas	3127511	Nordeste
AP	Amapá	733508	Norte
AM	Amazonas	3941175	Norte
BA	Bahia	14136417	Nordeste
CE	Ceará	8791688	Nordeste
DF	Distrito Federal	2817068	Centro-Oeste
ES	Espírito Santo	3833486	Sudeste
GO	Goiás	7055228	Centro-Oeste
MA	Maranhão	6775152	Nordeste
MT	Mato Grosso	3658813	Centro-Oeste
MS	Mato Grosso do Sul	2756700	Centro-Oeste
MG	Minas Gerais	20538718	Sudeste
PA	Pará	8116132	Norte
PB	Paraíba	3974495	Nordeste
PR	Paraná	11443208	Sul
PE	Pernambuco	9058155	Nordeste
PI	Piauí	3269200	Nordeste
RJ	Rio de Janeiro	16054524	Sudeste
RN	Rio Grande do Norte	3302406	Nordeste
RS	Rio Grande do Sul	10880506	Sul
RO	Rondônia	1581016	Norte
RR	Roraima	636303	Norte
SC	Santa Catarina	7609601	Sul
SP	São Paulo	44420459	Sudeste
SE	Sergipe	2209558	Nordeste
TO	Tocantins	1511459	Norte
\.


--
-- Data for Name: investimento_educacional; Type: TABLE DATA; Schema: public; Owner: callsz
--

COPY public.investimento_educacional (ano, sigla, valor) FROM stdin;
2015	AL	1045617941.02
2015	GO	3833019926.46
2015	PA	2967387833.29
2015	RO	1115301040.61
2015	RS	4405274078.2
2015	MA	2272852839.04
2015	SC	2988248740.67
2015	ES	1265969222.76
2015	DF	6771922937.56
2015	SE	866873798.34
2015	AM	2334953396.74
2015	PE	2911483735.68
2015	PI	1170448459.8
2015	MG	8527865729.89
2015	AP	892824412.84
2015	SP	32149540478.37
2015	MT	1957833782.99
2015	BA	4668770296.4
2015	PB	1784478478.94
2015	TO	937642863.02
2015	RR	556658151.56
2015	AC	972719282.68
2015	RJ	6195289242.86
2015	CE	2582752514.92
2015	RN	1235176074.7
2015	PR	8688132088.54
2015	MS	1431037955.83
2016	PB	2031984468.62
2016	AL	749492888.3
2016	GO	4045371771.06
2016	SC	2953808325.81
2016	PA	3081398275.29
2016	AP	936379664.6
2016	SE	925828791.83
2016	SP	31579205074.34
2016	MT	2189781924.87
2016	ES	1219635610.71
2016	AC	1048071330.51
2016	MA	2263222490.2
2016	PI	1223479306.05
2016	RO	1127932799.07
2016	BA	4801471861.07
2016	AM	2323519576.93
2016	TO	1092729154.43
2016	PE	2790416466.41
2016	RN	1290894740.53
2016	PR	10009747958.47
2016	RS	4021709367.54
2016	MG	9950115561.61
2016	CE	2879224252.72
2016	DF	6059857709.04
2016	RR	588159044.32
2016	RJ	6035060833.0
2016	MS	1672206946.65
2017	MT	2583140772.35
2017	PA	3209182855.55
2017	AP	897712414.52
2017	GO	4646486402.48
2017	PB	2064851220.84
2017	AL	707599662.21
2017	PE	2947167486.93
2017	BA	4916590895.88
2017	MA	2534424047.33
2017	SE	894418902.02
2017	TO	1152860144.62
2017	SP	32518409486.94
2017	ES	1185213955.52
2017	DF	4325896073.33
2017	RO	1122455923.41
2017	AM	2733093438.33
2017	RS	3976489676.01
2017	SC	3044510241.49
2017	PR	10870426632.83
2017	AC	1182659312.1
2017	MS	1863362550.06
2017	RR	712510344.37
2017	CE	2979073072.61
2017	RN	1356018504.45
2017	MG	10444179677.86
2017	PI	1416131381.82
2017	RJ	6039767702.0
2018	MT	2796153789.06
2018	MS	1805036433.15
2018	SC	3304637278.67
2018	BA	5025416038.18
2018	ES	1366335975.22
2018	AC	1325786512.76
2018	RO	1174121119.68
2018	GO	4465912848.41
2018	AP	1072566344.02
2018	RJ	6747982958.0
2018	SP	33481869080.27
2018	PE	2959287374.13
2018	PB	2197971672.46
2018	MA	2855582006.11
2018	RS	4013942481.88
2018	RR	535638564.17
2018	TO	1261403702.17
2018	AM	2884718221.03
2018	PR	9512106948.51
2018	MG	9849272725.08
2018	PI	1608481982.9
2018	CE	3263912972.6
2018	PA	3546675919.45
2018	AL	794823082.76
2018	RN	1389656241.58
2018	SE	966603073.34
2018	DF	4412247925.18
2019	SP	35231204906.9
2019	MA	2690908999.07
2019	MT	2746695485.8
2019	MS	1807179113.16
2019	SC	3715752051.18
2019	BA	5439347964.32
2019	PE	3124950846.08
2019	ES	1418918203.27
2019	PB	2263908219.82
2019	PA	3604084207.25
2019	RO	1307675883.8
2019	AP	1131950695.31
2019	PR	9211484161.8
2019	SE	1053500705.24
2019	RS	3813449080.44
2019	TO	1254730474.1
2019	RJ	6552762627.0
2019	AC	1402228114.55
2019	DF	4807970168.95
2019	AL	1306762208.17
2019	CE	3294078618.83
2019	GO	5443660077.68
2019	RN	1449241850.65
2019	AM	3331004218.26
2019	MG	9519639175.9
2019	PI	1614531901.22
2019	RR	657194090.25
2020	SC	3561868249.8
2020	MS	1626870215.4
2020	ES	1311263914.69
2020	BA	5104447957.82
2020	RO	1401668722.57
2020	PB	2169827112.11
2020	PE	2798059108.9
2020	PR	9316535066.64
2020	PI	1294335328.93
2020	AP	1143542499.2
2020	CE	3081561757.42
2020	AL	1193493645.84
2020	RS	3735894786.96
2020	SE	1062240246.5
2020	TO	1252145601.17
2020	GO	3523529781.13
2020	AM	3339565163.63
2020	PA	3740399418.56
2020	RN	1396072717.89
2020	AC	1335027342.38
2020	RJ	5454612996.08
2020	SP	34695721078.14
2020	MG	8818856448.86
2020	MT	2683909680.14
2020	MA	2656043826.65
2020	DF	4853376674.61
2020	RR	643415749.87
2021	SC	5371749537.66
2021	ES	2481767161.16
2021	MS	2082957531.88
2021	GO	5523725767.6
2021	BA	6726517538.58
2021	MG	13549045426.09
2021	MA	2910693248.64
2021	PB	2843841193.47
2021	PI	1875077705.78
2021	RO	1854537776.53
2021	TO	1653650219.76
2021	RS	4209756505.23
2021	PR	10266738869.13
2021	AC	1603322753.76
2021	PA	4305974100.75
2021	PE	4380694064.33
2021	AP	1244817027.19
2021	CE	4099434392.12
2021	AL	1624770708.33
2021	SP	44522786096.13
2021	SE	1102619086.95
2021	RN	1628248174.16
2021	RJ	6837231517.22
2021	MT	3790306869.04
2021	AM	3901863487.61
2021	DF	5314455394.37
2021	RR	832702656.87
2022	ES	3022321151.96
2022	GO	5780295555.16
2022	SE	1873545724.28
2022	SC	7181866342.43
2022	RO	2199369792.91
2022	MS	2746532669.08
2022	BA	11243195669.81
2022	MT	4727825866.63
2022	AC	2069672247.69
2022	RS	5361555828.55
2022	AP	1574370827.89
2022	PR	11642948790.28
2022	PB	3450578729.04
2022	SP	51938665376.71
2022	TO	2064485649.79
2022	MA	3656121081.47
2022	MG	16094953943.05
2022	PI	2502293636.13
2022	AM	4861262263.88
2022	RR	1293328765.4
2022	RJ	9140782230.9
2022	CE	5128099949.91
2022	RN	2291702357.7
2022	PE	6388528077.14
2022	PA	5417746057.45
2022	AL	1997394171.99
2022	DF	6071670513.81
2023	SC	6580663102.11
2023	GO	5950487739.22
2023	RN	2557818743.46
2023	RO	2303726595.59
2023	MS	3200502433.04
2023	SE	1830491971.6
2023	BA	12412730093.67
2023	MT	5337492116.28
2023	RS	5765062990.66
2023	ES	3182553255.67
2023	RR	1554657528.41
2023	TO	2269943705.75
2023	RJ	9865176662.15
2023	SP	57659437708.04
2023	MG	16626483087.79
2023	PB	3787329925.81
2023	PR	13314201575.02
2023	MA	3660954582.05
2023	PE	7035442572.18
2023	AL	2071733124.81
2023	AC	2317127418.28
2023	PI	2590235580.76
2023	AM	4774322669.54
2023	DF	5523326786.21
2023	AP	1591941364.67
2023	CE	6631034515.74
2023	PA	6885120333.82
2024	MS	3422609178.75
2024	RS	6596480791.74
2024	SC	7728022917.02
2024	GO	6487161464.13
2024	ES	3554391603.32
2024	RO	2512152207.2
2024	CE	6786285585.29
2024	BA	12756534339.22
2024	RR	1693977429.27
2024	PE	7791835377.01
2024	MT	5289713068.65
2024	TO	2481374124.79
2024	AC	2650164999.58
2024	PA	8678646603.61
2024	PR	15457766747.5
2024	PI	3035707192.46
2024	MA	5289609749.19
2024	RJ	9969994244.61
2024	RN	2918033918.78
2024	PB	4248167295.31
2024	MG	18453780877.71
2024	AL	2647951557.61
2024	SE	2030978347.02
2024	SP	67871152627.31
2024	DF	7201005976.25
2024	AM	5656034869.42
2024	AP	1844084923.89
\.


--
-- Data for Name: taxa_escolar; Type: TABLE DATA; Schema: public; Owner: callsz
--

COPY public.taxa_escolar (sigla, ano, num_aprova, num_reprova, num_evasoes, matriculas) FROM stdin;
AC	2014	171556	16802	8818	197176
AL	2014	440794	82507	48233	571534
AP	2014	133602	20239	8779	162620
AM	2014	735018	68270	55086	858374
BA	2014	1852896	386762	152088	2391746
CE	2014	1241080	95829	52249	1389158
DF	2014	312888	52323	10725	375936
ES	2014	477331	76671	15923	569926
GO	2014	848835	69490	27031	945355
MA	2014	1219496	138389	70793	1428678
MT	2014	492114	44452	22947	559512
MS	2014	364525	66813	16786	448124
MG	2014	2844194	216088	96536	3156818
PA	2014	1346443	224326	123217	1693986
PB	2014	477771	71134	44449	593355
PR	2014	1472219	177790	52803	1702812
PE	2014	1189324	168798	48153	1406275
PI	2014	468549	71977	33622	574148
RJ	2014	1635171	286655	67249	1989075
RN	2014	394012	89166	30542	513720
RS	2014	1317567	207873	47175	1572615
RO	2014	274335	36183	12801	323318
RR	2014	93015	10494	4121	107630
SC	2014	843428	85989	22549	951965
SP	2014	5597915	400074	125366	6123355
SE	2014	253924	67537	26308	347770
TO	2014	254356	31412	9821	295589
AC	2015	173000	16091	8568	197659
AL	2015	430801	72069	42774	545644
AP	2015	132655	20838	8102	161595
AM	2015	738525	57543	49863	845932
BA	2015	1823549	370812	124742	2319102
CE	2015	1216514	83693	45192	1345399
DF	2015	309916	49562	10072	369550
ES	2015	476229	72514	11525	560268
GO	2015	846436	62825	25740	935001
MA	2015	1211249	132908	60960	1405117
MT	2015	492003	39727	23959	555690
MS	2015	368873	58577	15549	442999
MG	2015	2750805	235359	85351	3071516
PA	2015	1335705	210809	124971	1671485
PB	2015	469040	66655	39254	574948
PR	2015	1460184	150008	54890	1665082
PE	2015	1156840	156957	35793	1349590
PI	2015	473844	63401	29595	566840
RJ	2015	1602385	261136	48612	1912133
RN	2015	390155	79469	30146	499770
RS	2015	1269718	212798	41451	1523967
RO	2015	269229	35874	11651	316753
RR	2015	92136	9385	4827	106348
SC	2015	844219	79274	22491	945984
SP	2015	5437691	333330	92384	5863405
SE	2015	249159	65083	25674	339916
TO	2015	256480	29694	9444	295618
AC	2016	171251	15270	7618	194139
AL	2016	424852	68919	38386	532157
AP	2016	131351	21751	7518	160620
AM	2016	748354	62994	41977	853326
BA	2016	1794479	380211	125216	2299906
CE	2016	1198531	85425	49708	1333664
DF	2016	312006	44935	8248	365189
ES	2016	474465	71870	9284	555619
GO	2016	844320	62408	22935	929663
MA	2016	1191338	139031	60672	1391041
MT	2016	481581	48341	18424	548347
MS	2016	374646	57196	14204	446046
MG	2016	2711335	254276	85034	3050645
PA	2016	1340090	216084	108139	1664314
PB	2016	464310	72375	41892	578577
PR	2016	1423015	168348	41295	1632658
PE	2016	1167453	143862	30984	1342300
PI	2016	462602	66643	27023	556268
RJ	2016	1563423	267173	69808	1900403
RN	2016	384347	80613	25868	490828
RS	2016	1245562	213744	36453	1495759
RO	2016	276614	25979	9721	312314
RR	2016	92982	9437	3497	105916
SC	2016	838559	81995	17664	938218
SP	2016	5407923	349729	109004	5866656
SE	2016	242312	65486	22967	330765
TO	2016	254841	30015	8004	292861
AC	2017	170920	13612	6512	191043
AL	2017	449086	43648	26885	519619
AP	2017	131340	20146	6616	158102
AM	2017	754451	60796	39543	854789
BA	2017	1794840	347909	122857	2265606
CE	2017	1209192	61391	34322	1304905
DF	2017	313310	39838	9483	362632
ES	2017	482276	60008	7561	549844
GO	2017	849184	42564	11576	903323
MA	2017	1213408	113504	49344	1376255
MT	2017	487749	33284	17422	538454
MS	2017	383949	48140	13152	445240
MG	2017	2667324	245823	91805	3004952
PA	2017	1344771	210679	98121	1653570
PB	2017	471232	67707	36505	575444
PR	2017	1417773	151432	43702	1612907
PE	2017	1182229	119835	26001	1328065
PI	2017	470957	54093	22935	547985
RJ	2017	1559041	246908	47726	1853676
RN	2017	385624	75899	25503	487026
RS	2017	1222592	207917	39612	1470121
RO	2017	277796	22819	7249	307864
RR	2017	94667	9217	3564	107448
SC	2017	842240	68659	18218	929117
SP	2017	5364776	287313	89313	5741402
SE	2017	250539	55361	18636	324537
TO	2017	257250	24371	6784	288405
AC	2018	168667	12567	6033	187268
AL	2018	436766	45507	23310	505583
AP	2018	130549	19019	6919	156488
AM	2018	750236	62315	41084	853635
BA	2018	1758637	333971	116595	2209203
CE	2018	1199968	56560	26524	1283052
DF	2018	327072	27766	6530	361369
ES	2018	479003	56234	6263	541500
GO	2018	856264	44072	12223	912559
MA	2018	1187564	115251	48123	1350939
MT	2018	497866	30406	15438	543711
MS	2018	387333	49049	12953	449336
MG	2018	2617902	235422	89801	2943125
PA	2018	1352691	191352	97298	1641341
PB	2018	466054	65749	29507	561310
PR	2018	1402624	145028	37879	1585531
PE	2018	1180300	96927	19840	1297067
PI	2018	456816	54866	20693	532376
RJ	2018	1552706	238683	47087	1838476
RN	2018	382274	71840	22552	476667
RS	2018	1189025	205961	37397	1432383
RO	2018	269489	23187	7568	300244
RR	2018	97316	8590	3600	109506
SC	2018	857083	81211	16697	954991
SP	2018	5331430	244442	82487	5658359
SE	2018	253742	51188	14737	319667
TO	2018	254575	23618	5852	284045
AC	2019	167763	12267	5734	185764
AL	2019	449506	27239	13580	490325
AP	2019	131106	16670	5771	153548
AM	2019	755559	54124	37822	847505
BA	2019	1775704	273911	89006	2138622
CE	2019	1198406	40726	19919	1259051
DF	2019	323833	28714	6983	359530
ES	2019	489871	44732	4848	539451
GO	2019	864775	38151	9457	912383
MA	2019	1182392	86142	33739	1302273
MT	2019	494144	40936	16660	551740
MS	2019	389119	42711	10724	442554
MG	2019	2560379	205503	51653	2817535
PA	2019	1350452	187360	77188	1615001
PB	2019	463625	60100	20281	544006
PR	2019	1428397	97279	18193	1543869
PE	2019	1169787	83769	16138	1269694
PI	2019	460080	40319	15058	515457
RJ	2019	1567562	205145	50221	1822928
RN	2019	383294	66751	19020	469065
RS	2019	1206934	166588	30208	1403730
RO	2019	267647	19586	6236	293469
RR	2019	104817	8241	3735	116793
SC	2019	863337	85217	15113	963666
SP	2019	5347530	185793	52503	5585826
SE	2019	255615	48837	11055	315506
TO	2019	254698	19244	4890	278831
AC	2020	176074	7333	4015	187423
AL	2020	482916	1075	1944	485935
AP	2020	143914	5119	2470	151503
AM	2020	839714	6050	4756	850519
BA	2020	2078557	12788	24980	2116325
CE	2020	1244001	1590	12737	1258328
DF	2020	339524	22374	1159	363057
ES	2020	537637	1620	4848	544105
GO	2020	905614	14288	8455	928357
MA	2020	1214879	15715	37772	1268366
MT	2020	545308	2084	1444	548836
MS	2020	409220	28006	1447	438674
MG	2020	2690563	23359	98754	2812676
PA	2020	1566146	7927	19367	1593439
PB	2020	530407	2172	10413	542992
PR	2020	1507630	39115	20409	1567154
PE	2020	1261695	3740	1885	1267320
PI	2020	489926	3717	13347	506990
RJ	2020	1781293	57778	13369	1852440
RN	2020	457037	2505	2664	462206
RS	2020	1364816	8810	25555	1399182
RO	2020	272816	7193	6359	286368
RR	2020	118435	669	886	119990
SC	2020	927010	44958	11419	983388
SP	2020	5507626	46994	14968	5569588
SE	2020	308667	1251	2735	312652
TO	2020	267054	4104	5256	276414
AC	2021	172041	6810	6488	185340
AL	2021	465576	10305	14187	490069
AP	2021	132678	15990	5407	154075
AM	2021	814208	15730	29288	859226
BA	2021	2013872	75787	128954	2218613
CE	2021	1278296	1966	9618	1289880
DF	2021	337054	26329	1728	365111
ES	2021	530270	20307	5970	556547
GO	2021	909345	18690	7913	935948
MA	2021	1177580	32943	44426	1254949
MT	2021	542645	23492	10584	576720
MS	2021	404746	36793	2777	444316
MG	2021	2615770	59716	43030	2718516
PA	2021	1432353	95209	102890	1630451
PB	2021	544125	7570	13508	565204
PR	2021	1432876	34711	7649	1475236
PE	2021	1223081	39226	11377	1273685
PI	2021	501438	6115	11962	519515
RJ	2021	1766982	61247	27375	1855604
RN	2021	395038	40179	35854	471071
RS	2021	1315034	25219	50982	1391235
RO	2021	272199	8858	5821	286878
RR	2021	114075	4745	2743	121563
SC	2021	926118	64478	23465	1014061
SP	2021	5537084	63540	88499	5689123
SE	2021	310366	4133	6627	321126
TO	2021	263644	5326	3441	272412
AC	2022	164439	9876	7617	181933
AL	2022	441997	28700	15131	485828
AP	2022	130025	16321	4470	150816
AM	2022	760914	44314	31827	837054
BA	2022	1733540	247192	120193	2100926
CE	2022	1243194	6650	14522	1264365
DF	2022	327423	25411	5942	358776
ES	2022	512482	32897	4326	549705
GO	2022	889779	27041	8153	924973
MA	2022	1131386	58610	31054	1221051
MT	2022	535222	31978	17003	584203
MS	2022	387205	42972	7208	437386
MG	2022	2510424	131364	65846	2707634
PA	2022	1319295	178082	80539	1577916
PB	2022	487473	36818	25235	549526
PR	2022	1444309	85718	21549	1551577
PE	2022	1174667	66578	14396	1255641
PI	2022	468660	22906	16029	507595
RJ	2022	1627177	186132	44931	1858240
RN	2022	375775	66099	22082	463957
RS	2022	1258711	101599	46456	1406766
RO	2022	255278	13068	7034	275380
RR	2022	115731	7032	4491	127255
SC	2022	932423	76731	17063	1026217
SP	2022	5525986	158909	83060	5767955
SE	2022	263704	42322	8949	314975
TO	2022	252124	10505	3825	266454
AC	2023	163631	8203	6028	177862
AL	2023	449679	11596	5483	466758
AP	2023	134083	12601	2988	149672
AM	2023	770444	32469	16893	819806
BA	2023	1799243	135966	54940	1990149
CE	2023	1223310	7838	9028	1240176
DF	2023	322966	24073	5388	352427
ES	2023	519759	19739	3292	542790
GO	2023	882126	15447	3475	901048
MA	2023	1123828	44660	20139	1188628
MT	2023	561523	4658	4060	570242
MS	2023	396461	32779	5776	435016
MG	2023	2472350	121117	48925	2642393
PA	2023	1378443	93970	23713	1496126
PB	2023	478391	34478	15924	528793
PR	2023	1469771	33578	2424	1505772
PE	2023	1166762	51474	7333	1225569
PI	2023	472774	11323	4663	488760
RJ	2023	1614656	160075	31780	1806510
RN	2023	377454	53233	16054	446741
RS	2023	1239738	101770	33928	1375436
RO	2023	254575	10283	4409	269267
RR	2023	121155	6554	2642	130352
SC	2023	950149	71524	13898	1035570
SP	2023	5560767	121740	72571	5755077
SE	2023	271679	27914	5180	304773
TO	2023	252960	7440	1977	262377
AC	2024	159735	9046	4187	172968
AL	2024	443379	19636	7442	470458
AP	2024	136054	10644	2256	148954
AM	2024	761950	39194	16755	817898
BA	2024	1759492	132350	57918	1949760
CE	2024	1217301	9410	8140	1234852
DF	2024	317590	21492	4367	343449
ES	2024	524264	17255	2207	543726
GO	2024	897746	18412	4426	920584
MA	2024	1102510	46572	18869	1167950
MT	2024	567868	7920	5338	581126
MS	2024	404529	28115	4212	436856
MG	2024	2468545	115632	50950	2635127
PA	2024	1394785	77223	24376	1496384
PB	2024	473656	39523	14404	527583
PR	2024	1457591	60894	6537	1525022
PE	2024	1165247	40295	6045	1211587
PI	2024	461315	14366	4749	480429
RJ	2024	1603644	154276	33191	1791111
RN	2024	375793	50736	13491	440020
RS	2024	1230112	97014	21221	1348347
RO	2024	253466	9590	4518	267574
RR	2024	123321	7044	2064	132429
SC	2024	975039	62078	13343	1050460
SP	2024	5550957	102662	56977	5710596
SE	2024	276377	21247	3447	301071
TO	2024	250659	7823	2028	260511
\.


--
-- Data for Name: violencia; Type: TABLE DATA; Schema: public; Owner: callsz
--

COPY public.violencia (sigla, ano, n_estupros, n_furtos_veiculos, n_homidolos, n_lesoesmorte, n_roubosinsfinanc, n_rouboscarga, n_roubosveiculos, n_latrocinios, n_tryhomicidio) FROM stdin;
AC	2015	42	0	189	3	0	0	0	10	16
AL	2015	567	696	1633	9	21	95	3158	56	704
AM	2015	756	1867	1313	8	52	0	2781	69	394
AP	2015	354	877	248	2	2	0	310	17	315
BA	2015	2450	5539	5422	125	60	436	14451	204	2844
CE	2015	1454	4839	3787	30	60	212	9411	64	1629
DF	2015	625	6500	614	6	8	31	4807	45	676
ES	2015	404	3075	1392	16	12	28	2960	37	2633
GO	2015	535	12008	2729	23	87	452	9554	89	2507
MA	2015	952	2240	2006	67	152	48	4065	117	1197
MG	2015	1460	27561	4024	62	112	662	11701	119	5170
MS	2015	1569	3699	561	6	13	2	989	38	962
MT	2015	1484	3614	1121	27	33	17	3541	52	1516
PA	2015	2578	2826	3238	23	37	111	5745	187	1540
PB	2015	290	1841	1378	7	35	3	1313	46	300
PE	2015	2174	3769	3620	23	80	299	10154	112	3080
PI	2015	539	1641	610	11	6	9	2876	47	625
PR	2015	4354	17072	1253	47	0	707	9241	55	798
RJ	2015	4453	16944	3903	32	60	7225	31035	131	3976
RN	2015	282	972	1398	136	55	15	4487	58	318
RO	2015	692	3304	497	3	17	3	1795	15	908
RR	2015	218	641	105	5	0	0	343	10	135
RS	2015	4388	20419	2482	31	76	261	18138	145	4071
SC	2015	878	14068	803	14	78	161	3462	70	1448
SE	2015	448	653	1196	0	30	51	1728	47	453
SP	2015	9265	110690	3758	0	159	8490	78659	345	4466
TO	2015	380	1595	348	7	26	7	564	8	356
AC	2016	36	0	425	1	0	0	0	15	10
AL	2016	544	819	1659	9	30	106	3895	61	679
AM	2016	958	2694	1023	35	16	5	3586	92	378
AP	2016	430	805	270	4	12	0	207	18	296
BA	2016	2692	6010	6124	115	23	397	14900	210	2760
CE	2016	1538	4927	3163	34	62	276	10084	88	1357
DF	2016	636	6924	572	6	5	67	5624	42	915
ES	2016	390	3102	1181	16	17	26	3376	56	2679
GO	2016	627	12165	2567	43	108	600	14851	93	2604
MA	2016	995	3249	2070	31	79	67	4811	113	1244
MG	2016	1527	28836	4034	60	82	588	14198	113	5060
MS	2016	1685	3894	562	7	22	1	884	40	810
MT	2016	1615	3403	1086	22	25	13	3169	64	1433
PA	2016	2817	3888	3577	51	31	137	6952	192	1463
PB	2016	445	316	1248	2	34	0	300	40	281
PE	2016	2269	4832	4168	34	87	488	15217	112	2982
PI	2016	653	2389	641	14	12	15	3322	49	736
PR	2016	4663	20366	1455	49	0	899	12568	62	739
RJ	2016	4308	16759	4641	55	75	9874	41696	225	3957
RN	2016	206	1703	1745	119	40	17	7024	48	138
RO	2016	790	3557	535	2	11	14	1905	35	867
RR	2016	258	995	120	9	4	0	521	7	150
RS	2016	4615	19541	2674	27	76	331	17614	169	4035
SC	2016	1033	14291	861	19	61	258	3470	57	1462
SE	2016	544	1027	1306	1	5	41	2677	49	526
SP	2016	10055	110932	3521	12	137	9943	77949	352	4117
TO	2016	450	1499	417	5	27	23	930	14	341
AC	2017	108	539	221	0	5	3	849	10	61
AL	2017	676	1194	1672	19	21	77	3133	59	577
AM	2017	919	3461	1025	37	19	4	4521	65	241
AP	2017	418	721	265	22	8	1	267	23	271
BA	2017	3184	5519	5843	68	28	417	13525	172	2790
CE	2017	1588	4997	4746	40	56	310	11133	87	1311
DF	2017	711	5717	483	5	4	75	4872	35	906
ES	2017	405	4713	1407	10	11	28	6056	45	2693
GO	2017	627	10824	2247	43	45	474	12846	98	2423
MA	2017	1199	3130	1820	32	74	57	4477	97	1073
MG	2017	1578	25605	3817	66	83	655	13042	98	4375
MS	2017	1808	3634	528	11	11	0	895	23	830
MT	2017	1705	2817	985	18	7	20	2585	50	1316
PA	2017	3141	5094	3716	40	32	129	8569	225	1358
PB	2017	353	216	1203	6	23	2	228	37	267
PE	2017	1651	6612	4910	37	59	673	19402	227	3624
PI	2017	773	2563	598	10	5	33	3101	43	635
PR	2017	5401	19346	2090	59	0	946	11366	63	747
RJ	2017	4385	15708	4923	39	82	10599	54366	217	3727
RN	2017	89	1329	1862	301	16	20	6992	83	75
RO	2017	941	2559	459	6	0	0	1671	21	758
RR	2017	313	790	159	7	1	1	358	7	146
RS	2017	5137	16893	2708	34	68	414	17859	131	3756
SC	2017	1182	11987	942	26	57	209	3000	63	1523
SE	2017	568	886	1121	5	8	15	2815	59	513
SP	2017	11089	104829	3294	49	97	10584	67964	334	3813
TO	2017	564	1539	337	7	23	8	815	11	335
AC	2018	260	704	396	0	3	1	1080	20	86
AL	2018	455	1158	1309	8	22	85	3481	39	440
AM	2018	988	2252	1051	28	4	7	3080	54	247
AP	2018	285	722	286	33	14	12	537	33	103
BA	2018	3158	5332	5199	72	10	304	13348	135	2590
CE	2018	1642	4184	4183	32	41	244	9319	47	1263
DF	2018	659	4888	418	7	3	55	3962	28	842
ES	2018	481	4448	1108	10	23	13	4433	34	2162
GO	2018	662	11267	2011	64	30	400	10163	84	1968
MA	2018	1189	2980	1617	14	38	37	4093	71	1056
MG	2018	1468	21401	2948	58	91	525	9522	81	3523
MS	2018	1816	3700	455	7	12	0	782	25	692
MT	2018	1676	2438	916	26	9	18	1895	36	1229
PA	2018	3441	4202	3556	16	29	112	6591	188	1669
PB	2018	245	1566	1173	5	67	48	3834	33	181
PE	2018	1935	5387	3816	16	26	566	15327	117	3354
PI	2018	675	3204	562	8	7	29	3880	46	564
PR	2018	6363	17620	1454	47	24	695	7870	53	482
RJ	2018	4752	15794	4553	56	79	9182	52097	165	3914
RN	2018	109	1043	1420	248	15	17	6982	108	75
RO	2018	1024	2513	408	0	0	0	1724	16	735
RR	2018	225	636	330	7	6	0	529	13	149
RS	2018	5186	14407	2148	30	80	396	16121	91	3122
SC	2018	1275	9133	746	21	25	151	2219	39	1348
SE	2018	588	776	946	6	0	1	2639	32	552
SP	2018	11949	97653	2949	80	54	8738	58355	270	3484
TO	2018	727	2092	363	7	7	0	1091	16	417
AC	2019	330	572	292	2	4	4	1246	14	134
AL	2019	634	1376	1028	6	4	39	2413	17	430
AM	2019	844	1970	984	23	1	9	2446	46	254
AP	2019	471	526	232	23	8	15	447	15	212
BA	2019	3313	5289	4754	74	4	274	11523	139	2686
CE	2019	1810	4602	2087	30	14	90	5128	36	1174
DF	2019	666	5125	372	4	0	34	3427	24	797
ES	2019	491	5600	937	11	40	20	3957	26	1941
GO	2019	711	8277	1575	54	21	151	4792	70	1936
MA	2019	1470	2539	1397	13	39	42	3252	75	918
MG	2019	1230	20457	2626	56	29	356	6102	74	2855
MS	2019	1634	3464	411	7	7	1	531	14	706
MT	2019	1717	2367	770	23	2	38	1836	41	1198
PA	2019	3415	3588	2541	32	25	180	3896	122	1525
PB	2019	224	882	925	0	22	13	1963	18	269
PE	2019	2078	6137	3188	18	9	554	13127	132	3602
PI	2019	675	2943	548	15	4	19	4310	34	558
PR	2019	6269	15967	1705	51	27	626	5789	59	434
RJ	2019	4921	15594	3662	45	57	7455	39750	109	3407
RN	2019	235	695	1027	192	6	18	4513	66	103
RO	2019	1092	2189	378	7	1	2	1816	16	690
RR	2019	260	617	194	12	0	1	315	18	133
RS	2019	4996	13105	1699	28	52	306	11125	63	2696
SC	2019	1486	8864	658	15	19	39	1717	26	1407
SE	2019	632	968	778	4	7	7	2094	27	585
SP	2019	11614	84099	2778	99	21	7325	46513	191	3390
TO	2019	718	1569	301	7	3	1	701	18	518
AC	2020	280	289	271	1	0	0	836	11	162
AL	2020	644	1585	1187	8	0	14	1530	21	415
AM	2020	688	1883	902	19	3	15	1884	45	188
AP	2020	249	157	223	15	3	0	100	10	103
BA	2020	2960	4255	5088	90	6	220	10479	107	2251
CE	2020	1663	4200	3732	30	8	63	8609	47	1050
DF	2020	577	4346	345	6	0	30	2220	30	715
ES	2020	1048	5208	1078	16	29	25	3612	38	2170
GO	2020	646	5568	1451	22	4	169	2376	44	1588
MA	2020	1355	1836	1856	13	28	28	2268	75	897
MG	2020	997	16145	2470	51	24	314	4478	74	2449
MS	2020	1576	2901	430	8	1	0	410	17	594
MT	2020	1273	1860	810	25	0	89	1322	27	1060
PA	2020	2994	2807	2121	43	6	136	2428	97	1192
PB	2020	214	773	1113	1	18	15	2319	3	366
PE	2020	1931	4811	3355	28	4	528	9554	101	3520
PI	2020	701	2189	663	8	5	12	3896	37	504
PR	2020	5131	11959	1891	61	9	456	4453	57	855
RJ	2020	4284	12894	3312	31	67	4987	25432	85	2789
RN	2020	466	630	1214	82	9	5	5536	62	232
RO	2020	479	2063	381	1	44	1	1599	15	666
RR	2020	341	701	169	5	2	0	487	17	106
RS	2020	4199	9415	1705	27	14	199	7884	69	2298
SC	2020	1155	7544	668	14	8	13	1384	17	1548
SE	2020	527	788	761	2	2	0	2524	28	554
SP	2020	11023	65724	2893	122	29	5918	31893	179	3200
TO	2020	731	1487	381	9	4	2	573	17	442
AC	2021	438	615	168	1	1	0	1035	8	235
AL	2021	568	1459	1027	4	1	13	1583	25	359
AM	2021	749	1834	1381	16	2	24	2311	69	247
AP	2021	237	391	277	18	19	15	396	19	189
BA	2021	3624	4625	5213	55	15	223	11436	134	2255
CE	2021	1783	4052	3026	23	7	45	7805	42	1015
DF	2021	575	3717	283	6	0	22	2032	21	614
ES	2021	1474	4654	1060	16	35	30	3669	41	2392
GO	2021	654	5106	1190	24	5	280	1739	34	1531
MA	2021	1473	2154	1825	10	12	33	4200	96	880
MG	2021	1007	14676	2262	23	11	296	2945	80	2297
MS	2021	1793	2901	438	12	2	1	504	12	606
MT	2021	1640	1850	744	11	5	230	1110	30	971
PA	2021	3685	3018	2103	30	3	144	2508	102	1037
PB	2021	299	708	1106	3	14	24	2148	17	371
PE	2021	2133	4911	3040	16	5	365	9573	119	2833
PI	2021	900	2045	738	3	5	12	4478	38	534
PR	2021	4887	11548	1797	40	12	547	4030	40	1074
RJ	2021	4593	14416	3058	39	105	4445	24329	104	2620
RN	2021	551	821	1064	19	17	16	4188	54	338
RO	2021	318	2258	426	3	62	5	1838	20	663
RR	2021	460	649	197	8	2	1	680	13	172
RS	2021	4636	8914	1520	34	13	173	4941	64	2011
SC	2021	1170	7455	612	15	13	21	1412	16	1442
SE	2021	391	606	558	6	0	0	2412	16	594
SP	2021	11762	79670	2711	76	18	6529	33041	166	3312
TO	2021	760	1242	313	1	2	0	451	9	359
AC	2022	568	513	207	4	0	0	660	6	356
AL	2022	687	2022	1078	4	0	20	1696	20	666
AM	2022	911	2220	1284	34	1	17	1508	56	280
AP	2022	136	426	196	17	6	21	376	23	195
BA	2022	3749	6666	4687	57	6	338	12224	84	2084
CE	2022	1801	5904	2737	16	7	66	7697	42	1015
DF	2022	721	3372	242	6	1	17	1552	18	516
ES	2022	1724	4513	963	22	26	46	3231	28	2418
GO	2022	691	5372	1124	29	0	85	1372	34	1473
MA	2022	1868	2350	1694	8	22	34	3564	95	1007
MG	2022	974	19145	2407	18	20	336	3346	76	2415
MS	2022	1970	3579	459	4	0	2	463	13	714
MT	2022	2144	2301	923	11	1	283	949	29	994
PA	2022	4318	3270	2117	29	4	117	1961	72	1362
PB	2022	595	976	1019	4	19	22	2395	26	432
PE	2022	2203	7022	3144	15	3	349	11124	98	2411
PI	2022	1037	2328	783	7	0	16	4637	24	541
PR	2022	5920	13669	1889	39	11	473	3424	57	879
RJ	2022	5114	16848	2847	31	73	4313	25205	61	2362
RN	2022	775	1363	981	77	8	8	3132	32	345
RO	2022	350	2792	479	3	1	0	1783	13	688
RR	2022	578	731	165	5	0	0	363	7	175
RS	2022	4904	9013	1571	33	5	122	4470	50	2134
SC	2022	1302	8028	588	21	5	33	1277	19	1385
SE	2022	177	886	582	2	0	0	1675	10	573
SP	2022	12615	92868	2909	94	16	6371	40727	178	3274
TO	2022	255	1371	364	1	10	0	416	17	395
\.


--
-- Name: estado estado_pkey; Type: CONSTRAINT; Schema: public; Owner: callsz
--

ALTER TABLE ONLY public.estado
    ADD CONSTRAINT estado_pkey PRIMARY KEY (sigla);


--
-- Name: investimento_educacional pk_investimento_educacional; Type: CONSTRAINT; Schema: public; Owner: callsz
--

ALTER TABLE ONLY public.investimento_educacional
    ADD CONSTRAINT pk_investimento_educacional PRIMARY KEY (sigla, ano);


--
-- Name: taxa_escolar pk_taxa_escolar; Type: CONSTRAINT; Schema: public; Owner: callsz
--

ALTER TABLE ONLY public.taxa_escolar
    ADD CONSTRAINT pk_taxa_escolar PRIMARY KEY (sigla, ano);


--
-- Name: violencia pk_violencia; Type: CONSTRAINT; Schema: public; Owner: callsz
--

ALTER TABLE ONLY public.violencia
    ADD CONSTRAINT pk_violencia PRIMARY KEY (sigla, ano);


--
-- Name: investimento_educacional fk_investimento_educacional_estado; Type: FK CONSTRAINT; Schema: public; Owner: callsz
--

ALTER TABLE ONLY public.investimento_educacional
    ADD CONSTRAINT fk_investimento_educacional_estado FOREIGN KEY (sigla) REFERENCES public.estado(sigla) ON DELETE CASCADE;


--
-- Name: taxa_escolar fk_taxa_escolar_estado; Type: FK CONSTRAINT; Schema: public; Owner: callsz
--

ALTER TABLE ONLY public.taxa_escolar
    ADD CONSTRAINT fk_taxa_escolar_estado FOREIGN KEY (sigla) REFERENCES public.estado(sigla) ON DELETE CASCADE;


--
-- Name: violencia fk_violencia_estado; Type: FK CONSTRAINT; Schema: public; Owner: callsz
--

ALTER TABLE ONLY public.violencia
    ADD CONSTRAINT fk_violencia_estado FOREIGN KEY (sigla) REFERENCES public.estado(sigla) ON DELETE CASCADE;


--
-- PostgreSQL database dump complete
--

\unrestrict QUxozbJHnHcfjHf1FR4aSxNp281RXi2i2CvgVxsWXVfwBNRCwFZWL0FMqKn36Zy

